Username,Name,Password
karen.lee1,Karen Lee,A195VfRH
sarah.wilson2,Sarah Wilson,ABYrIy6g
thomas.zazai3,Thomas Zazai,tsgg0hrk
richard.harris4,Richard Harris,a5hvY6Bn
mark.afridi5,Mark Afridi,WiZbfJs8
charles.wilson6,Charles Wilson,N4FUhqFx
christopher.anderson7,Christopher Anderson,Ah16H20c
nancy.gonzalez8,Nancy Gonzalez,xKBwnknS
daniel.afridi9,Daniel Afridi,PbC0KqmV
sarah.robinson10,Sarah Robinson,CGh02DXh
christopher.thompson11,Christopher Thompson,ZMswETY4
david.wilson12,David Wilson,M208yCZ0
patricia.gonzalez13,Patricia Gonzalez,4kXZzwLE
christopher.davis14,Christopher Davis,pNVtQFhy
betty.moore15,Betty Moore,fn15QrEp
michael.hernandez16,Michael Hernandez,rbxQOt4o
thomas.rodriguez17,Thomas Rodriguez,UvQQNFCV
mark.ramirez18,Mark Ramirez,w68lgoSn
mary.smith19,Mary Smith,5Cw166Ri
margaret.thomas20,Margaret Thomas,ruY3lVcC
nancy.clark21,Nancy Clark,s3twBP3g
patricia.thompson22,Patricia Thompson,ovsPFZVG
sarah.afridi23,Sarah Afridi,5jTr37j5
daniel.ramirez24,Daniel Ramirez,JRS3hBkO
sarah.brown25,Sarah Brown,bqWZYmEv
michael.thomas26,Michael Thomas,kKGXSyiz
christopher.davis27,Christopher Davis,002EuXNx
michael.moore28,Michael Moore,3MXUWX9P
christopher.perez29,Christopher Perez,HygztTFC
jennifer.miller30,Jennifer Miller,uTlEDmqW
jennifer.lopez31,Jennifer Lopez,1bDwgcB8
mark.thomas32,Mark Thomas,SChvA7ua
susan.harris33,Susan Harris,aaYENbNB
nancy.taylor34,Nancy Taylor,q88gCiI8
karen.martinez35,Karen Martinez,1TnexR27
sandra.zazai36,Sandra Zazai,lfdC7VlC
linda.sanchez37,Linda Sanchez,rbidiLzL
john.garcia38,John Garcia,mO67zBT8
idrees.harris39,Idrees Harris,x4RNSNdd
karen.clark40,Karen Clark,S9Mrejbh
betty.taylor41,Betty Taylor,KjKEap7l
patricia.davis42,Patricia Davis,Nl5Vrcax
betty.thompson43,Betty Thompson,i8Zn6rV3
john.moore44,John Moore,YK1xAjfn
david.thomas45,David Thomas,aHkOn4GW
patricia.jackson46,Patricia Jackson,gEoQ8LqJ
lisa.white47,Lisa White,QvXRXOK4
nancy.perez48,Nancy Perez,ff7CyiYp
sandra.white49,Sandra White,a4EUGwug
linda.anderson50,Linda Anderson,rCBjDwDW
sandra.robinson51,Sandra Robinson,kIwYR83t
joseph.miller52,Joseph Miller,wJpVAXIu
margaret.garcia53,Margaret Garcia,rXjTMpIA
patricia.garcia54,Patricia Garcia,H9vbIWRW
sandra.thomas55,Sandra Thomas,lhSDP2q2
susan.gonzalez56,Susan Gonzalez,qe1HFPja
farman.ramirez57,Farman Ramirez,zo6yZsAR
susan.rodriguez58,Susan Rodriguez,54mBUmvv
mary.lee59,Mary Lee,PltnG5P9
david.robinson60,David Robinson,qIU9r3Rt
